<?xml version="1.0" encoding="UTF-8"?>
<dolfin xmlns:dolfin="http://fenicsproject.org">
  <mesh_function type="uint" dim="1" size="1048">
    <entity index="0" value="1"/>
    <entity index="1" value="0"/>
    <entity index="2" value="0"/>
    <entity index="3" value="1"/>
    <entity index="4" value="1"/>
    <entity index="5" value="0"/>
    <entity index="6" value="1"/>
    <entity index="7" value="1"/>
    <entity index="8" value="0"/>
    <entity index="9" value="1"/>
    <entity index="10" value="0"/>
    <entity index="11" value="0"/>
    <entity index="12" value="0"/>
    <entity index="13" value="0"/>
    <entity index="14" value="0"/>
    <entity index="15" value="0"/>
    <entity index="16" value="0"/>
    <entity index="17" value="0"/>
    <entity index="18" value="0"/>
    <entity index="19" value="0"/>
    <entity index="20" value="0"/>
    <entity index="21" value="0"/>
    <entity index="22" value="0"/>
    <entity index="23" value="0"/>
    <entity index="24" value="0"/>
    <entity index="25" value="0"/>
    <entity index="26" value="0"/>
    <entity index="27" value="0"/>
    <entity index="28" value="0"/>
    <entity index="29" value="0"/>
    <entity index="30" value="0"/>
    <entity index="31" value="0"/>
    <entity index="32" value="0"/>
    <entity index="33" value="0"/>
    <entity index="34" value="0"/>
    <entity index="35" value="0"/>
    <entity index="36" value="0"/>
    <entity index="37" value="0"/>
    <entity index="38" value="0"/>
    <entity index="39" value="0"/>
    <entity index="40" value="0"/>
    <entity index="41" value="0"/>
    <entity index="42" value="0"/>
    <entity index="43" value="0"/>
    <entity index="44" value="0"/>
    <entity index="45" value="0"/>
    <entity index="46" value="0"/>
    <entity index="47" value="0"/>
    <entity index="48" value="0"/>
    <entity index="49" value="0"/>
    <entity index="50" value="0"/>
    <entity index="51" value="0"/>
    <entity index="52" value="0"/>
    <entity index="53" value="0"/>
    <entity index="54" value="0"/>
    <entity index="55" value="1"/>
    <entity index="56" value="0"/>
    <entity index="57" value="0"/>
    <entity index="58" value="1"/>
    <entity index="59" value="0"/>
    <entity index="60" value="0"/>
    <entity index="61" value="1"/>
    <entity index="62" value="0"/>
    <entity index="63" value="0"/>
    <entity index="64" value="1"/>
    <entity index="65" value="0"/>
    <entity index="66" value="0"/>
    <entity index="67" value="1"/>
    <entity index="68" value="0"/>
    <entity index="69" value="0"/>
    <entity index="70" value="0"/>
    <entity index="71" value="0"/>
    <entity index="72" value="1"/>
    <entity index="73" value="0"/>
    <entity index="74" value="0"/>
    <entity index="75" value="1"/>
    <entity index="76" value="0"/>
    <entity index="77" value="0"/>
    <entity index="78" value="1"/>
    <entity index="79" value="0"/>
    <entity index="80" value="0"/>
    <entity index="81" value="1"/>
    <entity index="82" value="0"/>
    <entity index="83" value="0"/>
    <entity index="84" value="1"/>
    <entity index="85" value="0"/>
    <entity index="86" value="0"/>
    <entity index="87" value="1"/>
    <entity index="88" value="0"/>
    <entity index="89" value="0"/>
    <entity index="90" value="1"/>
    <entity index="91" value="0"/>
    <entity index="92" value="0"/>
    <entity index="93" value="1"/>
    <entity index="94" value="0"/>
    <entity index="95" value="0"/>
    <entity index="96" value="1"/>
    <entity index="97" value="0"/>
    <entity index="98" value="0"/>
    <entity index="99" value="1"/>
    <entity index="100" value="0"/>
    <entity index="101" value="0"/>
    <entity index="102" value="1"/>
    <entity index="103" value="0"/>
    <entity index="104" value="0"/>
    <entity index="105" value="1"/>
    <entity index="106" value="0"/>
    <entity index="107" value="0"/>
    <entity index="108" value="1"/>
    <entity index="109" value="0"/>
    <entity index="110" value="0"/>
    <entity index="111" value="1"/>
    <entity index="112" value="0"/>
    <entity index="113" value="0"/>
    <entity index="114" value="1"/>
    <entity index="115" value="0"/>
    <entity index="116" value="0"/>
    <entity index="117" value="1"/>
    <entity index="118" value="0"/>
    <entity index="119" value="0"/>
    <entity index="120" value="1"/>
    <entity index="121" value="0"/>
    <entity index="122" value="0"/>
    <entity index="123" value="1"/>
    <entity index="124" value="0"/>
    <entity index="125" value="0"/>
    <entity index="126" value="1"/>
    <entity index="127" value="0"/>
    <entity index="128" value="0"/>
    <entity index="129" value="1"/>
    <entity index="130" value="0"/>
    <entity index="131" value="0"/>
    <entity index="132" value="1"/>
    <entity index="133" value="0"/>
    <entity index="134" value="0"/>
    <entity index="135" value="1"/>
    <entity index="136" value="0"/>
    <entity index="137" value="0"/>
    <entity index="138" value="1"/>
    <entity index="139" value="0"/>
    <entity index="140" value="0"/>
    <entity index="141" value="1"/>
    <entity index="142" value="0"/>
    <entity index="143" value="0"/>
    <entity index="144" value="1"/>
    <entity index="145" value="0"/>
    <entity index="146" value="0"/>
    <entity index="147" value="1"/>
    <entity index="148" value="0"/>
    <entity index="149" value="0"/>
    <entity index="150" value="1"/>
    <entity index="151" value="0"/>
    <entity index="152" value="0"/>
    <entity index="153" value="1"/>
    <entity index="154" value="0"/>
    <entity index="155" value="0"/>
    <entity index="156" value="1"/>
    <entity index="157" value="0"/>
    <entity index="158" value="0"/>
    <entity index="159" value="1"/>
    <entity index="160" value="0"/>
    <entity index="161" value="0"/>
    <entity index="162" value="1"/>
    <entity index="163" value="0"/>
    <entity index="164" value="0"/>
    <entity index="165" value="1"/>
    <entity index="166" value="0"/>
    <entity index="167" value="0"/>
    <entity index="168" value="0"/>
    <entity index="169" value="0"/>
    <entity index="170" value="1"/>
    <entity index="171" value="0"/>
    <entity index="172" value="0"/>
    <entity index="173" value="1"/>
    <entity index="174" value="0"/>
    <entity index="175" value="0"/>
    <entity index="176" value="1"/>
    <entity index="177" value="0"/>
    <entity index="178" value="0"/>
    <entity index="179" value="1"/>
    <entity index="180" value="0"/>
    <entity index="181" value="0"/>
    <entity index="182" value="1"/>
    <entity index="183" value="0"/>
    <entity index="184" value="0"/>
    <entity index="185" value="0"/>
    <entity index="186" value="0"/>
    <entity index="187" value="0"/>
    <entity index="188" value="0"/>
    <entity index="189" value="0"/>
    <entity index="190" value="0"/>
    <entity index="191" value="0"/>
    <entity index="192" value="0"/>
    <entity index="193" value="0"/>
    <entity index="194" value="0"/>
    <entity index="195" value="0"/>
    <entity index="196" value="0"/>
    <entity index="197" value="0"/>
    <entity index="198" value="0"/>
    <entity index="199" value="0"/>
    <entity index="200" value="0"/>
    <entity index="201" value="0"/>
    <entity index="202" value="0"/>
    <entity index="203" value="0"/>
    <entity index="204" value="0"/>
    <entity index="205" value="0"/>
    <entity index="206" value="0"/>
    <entity index="207" value="0"/>
    <entity index="208" value="0"/>
    <entity index="209" value="0"/>
    <entity index="210" value="0"/>
    <entity index="211" value="0"/>
    <entity index="212" value="0"/>
    <entity index="213" value="0"/>
    <entity index="214" value="0"/>
    <entity index="215" value="0"/>
    <entity index="216" value="0"/>
    <entity index="217" value="0"/>
    <entity index="218" value="0"/>
    <entity index="219" value="0"/>
    <entity index="220" value="0"/>
    <entity index="221" value="0"/>
    <entity index="222" value="0"/>
    <entity index="223" value="0"/>
    <entity index="224" value="0"/>
    <entity index="225" value="0"/>
    <entity index="226" value="0"/>
    <entity index="227" value="0"/>
    <entity index="228" value="0"/>
    <entity index="229" value="0"/>
    <entity index="230" value="0"/>
    <entity index="231" value="0"/>
    <entity index="232" value="0"/>
    <entity index="233" value="0"/>
    <entity index="234" value="0"/>
    <entity index="235" value="0"/>
    <entity index="236" value="0"/>
    <entity index="237" value="0"/>
    <entity index="238" value="0"/>
    <entity index="239" value="0"/>
    <entity index="240" value="0"/>
    <entity index="241" value="0"/>
    <entity index="242" value="0"/>
    <entity index="243" value="0"/>
    <entity index="244" value="0"/>
    <entity index="245" value="0"/>
    <entity index="246" value="0"/>
    <entity index="247" value="0"/>
    <entity index="248" value="0"/>
    <entity index="249" value="0"/>
    <entity index="250" value="0"/>
    <entity index="251" value="0"/>
    <entity index="252" value="0"/>
    <entity index="253" value="0"/>
    <entity index="254" value="0"/>
    <entity index="255" value="0"/>
    <entity index="256" value="0"/>
    <entity index="257" value="0"/>
    <entity index="258" value="0"/>
    <entity index="259" value="0"/>
    <entity index="260" value="0"/>
    <entity index="261" value="0"/>
    <entity index="262" value="0"/>
    <entity index="263" value="0"/>
    <entity index="264" value="0"/>
    <entity index="265" value="0"/>
    <entity index="266" value="0"/>
    <entity index="267" value="0"/>
    <entity index="268" value="0"/>
    <entity index="269" value="0"/>
    <entity index="270" value="0"/>
    <entity index="271" value="0"/>
    <entity index="272" value="0"/>
    <entity index="273" value="0"/>
    <entity index="274" value="0"/>
    <entity index="275" value="0"/>
    <entity index="276" value="0"/>
    <entity index="277" value="0"/>
    <entity index="278" value="0"/>
    <entity index="279" value="0"/>
    <entity index="280" value="0"/>
    <entity index="281" value="0"/>
    <entity index="282" value="0"/>
    <entity index="283" value="0"/>
    <entity index="284" value="0"/>
    <entity index="285" value="0"/>
    <entity index="286" value="0"/>
    <entity index="287" value="0"/>
    <entity index="288" value="0"/>
    <entity index="289" value="0"/>
    <entity index="290" value="0"/>
    <entity index="291" value="0"/>
    <entity index="292" value="0"/>
    <entity index="293" value="0"/>
    <entity index="294" value="0"/>
    <entity index="295" value="0"/>
    <entity index="296" value="0"/>
    <entity index="297" value="0"/>
    <entity index="298" value="0"/>
    <entity index="299" value="0"/>
    <entity index="300" value="0"/>
    <entity index="301" value="0"/>
    <entity index="302" value="0"/>
    <entity index="303" value="0"/>
    <entity index="304" value="0"/>
    <entity index="305" value="0"/>
    <entity index="306" value="0"/>
    <entity index="307" value="0"/>
    <entity index="308" value="0"/>
    <entity index="309" value="0"/>
    <entity index="310" value="0"/>
    <entity index="311" value="0"/>
    <entity index="312" value="0"/>
    <entity index="313" value="0"/>
    <entity index="314" value="0"/>
    <entity index="315" value="0"/>
    <entity index="316" value="0"/>
    <entity index="317" value="0"/>
    <entity index="318" value="0"/>
    <entity index="319" value="0"/>
    <entity index="320" value="0"/>
    <entity index="321" value="0"/>
    <entity index="322" value="0"/>
    <entity index="323" value="0"/>
    <entity index="324" value="0"/>
    <entity index="325" value="0"/>
    <entity index="326" value="0"/>
    <entity index="327" value="0"/>
    <entity index="328" value="0"/>
    <entity index="329" value="0"/>
    <entity index="330" value="0"/>
    <entity index="331" value="0"/>
    <entity index="332" value="0"/>
    <entity index="333" value="0"/>
    <entity index="334" value="0"/>
    <entity index="335" value="0"/>
    <entity index="336" value="0"/>
    <entity index="337" value="0"/>
    <entity index="338" value="0"/>
    <entity index="339" value="0"/>
    <entity index="340" value="0"/>
    <entity index="341" value="0"/>
    <entity index="342" value="0"/>
    <entity index="343" value="0"/>
    <entity index="344" value="0"/>
    <entity index="345" value="0"/>
    <entity index="346" value="0"/>
    <entity index="347" value="0"/>
    <entity index="348" value="0"/>
    <entity index="349" value="0"/>
    <entity index="350" value="0"/>
    <entity index="351" value="0"/>
    <entity index="352" value="0"/>
    <entity index="353" value="0"/>
    <entity index="354" value="0"/>
    <entity index="355" value="0"/>
    <entity index="356" value="0"/>
    <entity index="357" value="0"/>
    <entity index="358" value="0"/>
    <entity index="359" value="0"/>
    <entity index="360" value="0"/>
    <entity index="361" value="0"/>
    <entity index="362" value="0"/>
    <entity index="363" value="0"/>
    <entity index="364" value="0"/>
    <entity index="365" value="0"/>
    <entity index="366" value="0"/>
    <entity index="367" value="0"/>
    <entity index="368" value="0"/>
    <entity index="369" value="0"/>
    <entity index="370" value="0"/>
    <entity index="371" value="0"/>
    <entity index="372" value="0"/>
    <entity index="373" value="0"/>
    <entity index="374" value="0"/>
    <entity index="375" value="0"/>
    <entity index="376" value="0"/>
    <entity index="377" value="0"/>
    <entity index="378" value="0"/>
    <entity index="379" value="0"/>
    <entity index="380" value="0"/>
    <entity index="381" value="0"/>
    <entity index="382" value="0"/>
    <entity index="383" value="0"/>
    <entity index="384" value="0"/>
    <entity index="385" value="0"/>
    <entity index="386" value="0"/>
    <entity index="387" value="0"/>
    <entity index="388" value="0"/>
    <entity index="389" value="0"/>
    <entity index="390" value="0"/>
    <entity index="391" value="0"/>
    <entity index="392" value="0"/>
    <entity index="393" value="0"/>
    <entity index="394" value="0"/>
    <entity index="395" value="0"/>
    <entity index="396" value="0"/>
    <entity index="397" value="0"/>
    <entity index="398" value="0"/>
    <entity index="399" value="0"/>
    <entity index="400" value="0"/>
    <entity index="401" value="0"/>
    <entity index="402" value="0"/>
    <entity index="403" value="0"/>
    <entity index="404" value="0"/>
    <entity index="405" value="0"/>
    <entity index="406" value="0"/>
    <entity index="407" value="0"/>
    <entity index="408" value="0"/>
    <entity index="409" value="0"/>
    <entity index="410" value="0"/>
    <entity index="411" value="0"/>
    <entity index="412" value="0"/>
    <entity index="413" value="0"/>
    <entity index="414" value="0"/>
    <entity index="415" value="0"/>
    <entity index="416" value="0"/>
    <entity index="417" value="0"/>
    <entity index="418" value="0"/>
    <entity index="419" value="0"/>
    <entity index="420" value="0"/>
    <entity index="421" value="0"/>
    <entity index="422" value="0"/>
    <entity index="423" value="0"/>
    <entity index="424" value="0"/>
    <entity index="425" value="0"/>
    <entity index="426" value="0"/>
    <entity index="427" value="0"/>
    <entity index="428" value="0"/>
    <entity index="429" value="0"/>
    <entity index="430" value="0"/>
    <entity index="431" value="0"/>
    <entity index="432" value="0"/>
    <entity index="433" value="0"/>
    <entity index="434" value="0"/>
    <entity index="435" value="0"/>
    <entity index="436" value="0"/>
    <entity index="437" value="0"/>
    <entity index="438" value="0"/>
    <entity index="439" value="0"/>
    <entity index="440" value="0"/>
    <entity index="441" value="0"/>
    <entity index="442" value="0"/>
    <entity index="443" value="0"/>
    <entity index="444" value="0"/>
    <entity index="445" value="0"/>
    <entity index="446" value="0"/>
    <entity index="447" value="0"/>
    <entity index="448" value="0"/>
    <entity index="449" value="0"/>
    <entity index="450" value="0"/>
    <entity index="451" value="0"/>
    <entity index="452" value="0"/>
    <entity index="453" value="0"/>
    <entity index="454" value="0"/>
    <entity index="455" value="0"/>
    <entity index="456" value="0"/>
    <entity index="457" value="0"/>
    <entity index="458" value="0"/>
    <entity index="459" value="0"/>
    <entity index="460" value="0"/>
    <entity index="461" value="0"/>
    <entity index="462" value="0"/>
    <entity index="463" value="0"/>
    <entity index="464" value="0"/>
    <entity index="465" value="0"/>
    <entity index="466" value="0"/>
    <entity index="467" value="0"/>
    <entity index="468" value="0"/>
    <entity index="469" value="0"/>
    <entity index="470" value="0"/>
    <entity index="471" value="0"/>
    <entity index="472" value="0"/>
    <entity index="473" value="0"/>
    <entity index="474" value="0"/>
    <entity index="475" value="0"/>
    <entity index="476" value="0"/>
    <entity index="477" value="0"/>
    <entity index="478" value="0"/>
    <entity index="479" value="0"/>
    <entity index="480" value="0"/>
    <entity index="481" value="0"/>
    <entity index="482" value="0"/>
    <entity index="483" value="0"/>
    <entity index="484" value="0"/>
    <entity index="485" value="0"/>
    <entity index="486" value="0"/>
    <entity index="487" value="0"/>
    <entity index="488" value="0"/>
    <entity index="489" value="0"/>
    <entity index="490" value="0"/>
    <entity index="491" value="0"/>
    <entity index="492" value="0"/>
    <entity index="493" value="0"/>
    <entity index="494" value="0"/>
    <entity index="495" value="0"/>
    <entity index="496" value="0"/>
    <entity index="497" value="0"/>
    <entity index="498" value="0"/>
    <entity index="499" value="0"/>
    <entity index="500" value="0"/>
    <entity index="501" value="0"/>
    <entity index="502" value="0"/>
    <entity index="503" value="0"/>
    <entity index="504" value="0"/>
    <entity index="505" value="0"/>
    <entity index="506" value="0"/>
    <entity index="507" value="0"/>
    <entity index="508" value="0"/>
    <entity index="509" value="0"/>
    <entity index="510" value="0"/>
    <entity index="511" value="0"/>
    <entity index="512" value="0"/>
    <entity index="513" value="0"/>
    <entity index="514" value="0"/>
    <entity index="515" value="0"/>
    <entity index="516" value="0"/>
    <entity index="517" value="0"/>
    <entity index="518" value="0"/>
    <entity index="519" value="0"/>
    <entity index="520" value="0"/>
    <entity index="521" value="0"/>
    <entity index="522" value="0"/>
    <entity index="523" value="0"/>
    <entity index="524" value="0"/>
    <entity index="525" value="0"/>
    <entity index="526" value="0"/>
    <entity index="527" value="0"/>
    <entity index="528" value="0"/>
    <entity index="529" value="0"/>
    <entity index="530" value="0"/>
    <entity index="531" value="0"/>
    <entity index="532" value="0"/>
    <entity index="533" value="0"/>
    <entity index="534" value="0"/>
    <entity index="535" value="0"/>
    <entity index="536" value="0"/>
    <entity index="537" value="0"/>
    <entity index="538" value="0"/>
    <entity index="539" value="0"/>
    <entity index="540" value="0"/>
    <entity index="541" value="0"/>
    <entity index="542" value="0"/>
    <entity index="543" value="0"/>
    <entity index="544" value="0"/>
    <entity index="545" value="0"/>
    <entity index="546" value="0"/>
    <entity index="547" value="0"/>
    <entity index="548" value="0"/>
    <entity index="549" value="0"/>
    <entity index="550" value="0"/>
    <entity index="551" value="0"/>
    <entity index="552" value="0"/>
    <entity index="553" value="0"/>
    <entity index="554" value="0"/>
    <entity index="555" value="0"/>
    <entity index="556" value="0"/>
    <entity index="557" value="0"/>
    <entity index="558" value="0"/>
    <entity index="559" value="0"/>
    <entity index="560" value="0"/>
    <entity index="561" value="0"/>
    <entity index="562" value="0"/>
    <entity index="563" value="0"/>
    <entity index="564" value="0"/>
    <entity index="565" value="0"/>
    <entity index="566" value="0"/>
    <entity index="567" value="0"/>
    <entity index="568" value="0"/>
    <entity index="569" value="0"/>
    <entity index="570" value="0"/>
    <entity index="571" value="0"/>
    <entity index="572" value="0"/>
    <entity index="573" value="0"/>
    <entity index="574" value="0"/>
    <entity index="575" value="0"/>
    <entity index="576" value="0"/>
    <entity index="577" value="0"/>
    <entity index="578" value="0"/>
    <entity index="579" value="0"/>
    <entity index="580" value="0"/>
    <entity index="581" value="0"/>
    <entity index="582" value="0"/>
    <entity index="583" value="0"/>
    <entity index="584" value="0"/>
    <entity index="585" value="0"/>
    <entity index="586" value="0"/>
    <entity index="587" value="0"/>
    <entity index="588" value="0"/>
    <entity index="589" value="0"/>
    <entity index="590" value="0"/>
    <entity index="591" value="0"/>
    <entity index="592" value="0"/>
    <entity index="593" value="0"/>
    <entity index="594" value="0"/>
    <entity index="595" value="0"/>
    <entity index="596" value="0"/>
    <entity index="597" value="0"/>
    <entity index="598" value="0"/>
    <entity index="599" value="0"/>
    <entity index="600" value="0"/>
    <entity index="601" value="0"/>
    <entity index="602" value="0"/>
    <entity index="603" value="0"/>
    <entity index="604" value="0"/>
    <entity index="605" value="0"/>
    <entity index="606" value="0"/>
    <entity index="607" value="0"/>
    <entity index="608" value="0"/>
    <entity index="609" value="0"/>
    <entity index="610" value="0"/>
    <entity index="611" value="0"/>
    <entity index="612" value="0"/>
    <entity index="613" value="0"/>
    <entity index="614" value="0"/>
    <entity index="615" value="0"/>
    <entity index="616" value="0"/>
    <entity index="617" value="0"/>
    <entity index="618" value="0"/>
    <entity index="619" value="0"/>
    <entity index="620" value="0"/>
    <entity index="621" value="0"/>
    <entity index="622" value="0"/>
    <entity index="623" value="0"/>
    <entity index="624" value="0"/>
    <entity index="625" value="0"/>
    <entity index="626" value="0"/>
    <entity index="627" value="0"/>
    <entity index="628" value="0"/>
    <entity index="629" value="0"/>
    <entity index="630" value="0"/>
    <entity index="631" value="0"/>
    <entity index="632" value="0"/>
    <entity index="633" value="0"/>
    <entity index="634" value="0"/>
    <entity index="635" value="0"/>
    <entity index="636" value="0"/>
    <entity index="637" value="0"/>
    <entity index="638" value="0"/>
    <entity index="639" value="0"/>
    <entity index="640" value="0"/>
    <entity index="641" value="0"/>
    <entity index="642" value="0"/>
    <entity index="643" value="0"/>
    <entity index="644" value="0"/>
    <entity index="645" value="0"/>
    <entity index="646" value="0"/>
    <entity index="647" value="0"/>
    <entity index="648" value="0"/>
    <entity index="649" value="0"/>
    <entity index="650" value="0"/>
    <entity index="651" value="0"/>
    <entity index="652" value="0"/>
    <entity index="653" value="0"/>
    <entity index="654" value="0"/>
    <entity index="655" value="0"/>
    <entity index="656" value="0"/>
    <entity index="657" value="0"/>
    <entity index="658" value="0"/>
    <entity index="659" value="0"/>
    <entity index="660" value="0"/>
    <entity index="661" value="0"/>
    <entity index="662" value="0"/>
    <entity index="663" value="0"/>
    <entity index="664" value="0"/>
    <entity index="665" value="0"/>
    <entity index="666" value="0"/>
    <entity index="667" value="0"/>
    <entity index="668" value="0"/>
    <entity index="669" value="0"/>
    <entity index="670" value="0"/>
    <entity index="671" value="0"/>
    <entity index="672" value="0"/>
    <entity index="673" value="0"/>
    <entity index="674" value="0"/>
    <entity index="675" value="0"/>
    <entity index="676" value="0"/>
    <entity index="677" value="0"/>
    <entity index="678" value="0"/>
    <entity index="679" value="0"/>
    <entity index="680" value="0"/>
    <entity index="681" value="0"/>
    <entity index="682" value="0"/>
    <entity index="683" value="0"/>
    <entity index="684" value="0"/>
    <entity index="685" value="0"/>
    <entity index="686" value="0"/>
    <entity index="687" value="0"/>
    <entity index="688" value="0"/>
    <entity index="689" value="0"/>
    <entity index="690" value="0"/>
    <entity index="691" value="0"/>
    <entity index="692" value="0"/>
    <entity index="693" value="0"/>
    <entity index="694" value="0"/>
    <entity index="695" value="0"/>
    <entity index="696" value="0"/>
    <entity index="697" value="0"/>
    <entity index="698" value="0"/>
    <entity index="699" value="0"/>
    <entity index="700" value="0"/>
    <entity index="701" value="0"/>
    <entity index="702" value="0"/>
    <entity index="703" value="0"/>
    <entity index="704" value="0"/>
    <entity index="705" value="0"/>
    <entity index="706" value="0"/>
    <entity index="707" value="0"/>
    <entity index="708" value="0"/>
    <entity index="709" value="0"/>
    <entity index="710" value="0"/>
    <entity index="711" value="0"/>
    <entity index="712" value="0"/>
    <entity index="713" value="0"/>
    <entity index="714" value="0"/>
    <entity index="715" value="0"/>
    <entity index="716" value="0"/>
    <entity index="717" value="0"/>
    <entity index="718" value="0"/>
    <entity index="719" value="0"/>
    <entity index="720" value="0"/>
    <entity index="721" value="0"/>
    <entity index="722" value="0"/>
    <entity index="723" value="0"/>
    <entity index="724" value="0"/>
    <entity index="725" value="0"/>
    <entity index="726" value="0"/>
    <entity index="727" value="0"/>
    <entity index="728" value="0"/>
    <entity index="729" value="0"/>
    <entity index="730" value="0"/>
    <entity index="731" value="0"/>
    <entity index="732" value="0"/>
    <entity index="733" value="0"/>
    <entity index="734" value="0"/>
    <entity index="735" value="0"/>
    <entity index="736" value="0"/>
    <entity index="737" value="0"/>
    <entity index="738" value="0"/>
    <entity index="739" value="0"/>
    <entity index="740" value="0"/>
    <entity index="741" value="0"/>
    <entity index="742" value="0"/>
    <entity index="743" value="0"/>
    <entity index="744" value="0"/>
    <entity index="745" value="0"/>
    <entity index="746" value="0"/>
    <entity index="747" value="0"/>
    <entity index="748" value="0"/>
    <entity index="749" value="0"/>
    <entity index="750" value="0"/>
    <entity index="751" value="0"/>
    <entity index="752" value="0"/>
    <entity index="753" value="0"/>
    <entity index="754" value="0"/>
    <entity index="755" value="0"/>
    <entity index="756" value="0"/>
    <entity index="757" value="0"/>
    <entity index="758" value="0"/>
    <entity index="759" value="0"/>
    <entity index="760" value="0"/>
    <entity index="761" value="0"/>
    <entity index="762" value="0"/>
    <entity index="763" value="0"/>
    <entity index="764" value="0"/>
    <entity index="765" value="0"/>
    <entity index="766" value="0"/>
    <entity index="767" value="0"/>
    <entity index="768" value="0"/>
    <entity index="769" value="0"/>
    <entity index="770" value="0"/>
    <entity index="771" value="0"/>
    <entity index="772" value="0"/>
    <entity index="773" value="0"/>
    <entity index="774" value="0"/>
    <entity index="775" value="0"/>
    <entity index="776" value="0"/>
    <entity index="777" value="0"/>
    <entity index="778" value="0"/>
    <entity index="779" value="0"/>
    <entity index="780" value="0"/>
    <entity index="781" value="0"/>
    <entity index="782" value="0"/>
    <entity index="783" value="0"/>
    <entity index="784" value="0"/>
    <entity index="785" value="0"/>
    <entity index="786" value="0"/>
    <entity index="787" value="0"/>
    <entity index="788" value="0"/>
    <entity index="789" value="0"/>
    <entity index="790" value="0"/>
    <entity index="791" value="0"/>
    <entity index="792" value="0"/>
    <entity index="793" value="0"/>
    <entity index="794" value="0"/>
    <entity index="795" value="0"/>
    <entity index="796" value="0"/>
    <entity index="797" value="0"/>
    <entity index="798" value="0"/>
    <entity index="799" value="0"/>
    <entity index="800" value="0"/>
    <entity index="801" value="0"/>
    <entity index="802" value="0"/>
    <entity index="803" value="0"/>
    <entity index="804" value="0"/>
    <entity index="805" value="0"/>
    <entity index="806" value="0"/>
    <entity index="807" value="0"/>
    <entity index="808" value="0"/>
    <entity index="809" value="0"/>
    <entity index="810" value="0"/>
    <entity index="811" value="0"/>
    <entity index="812" value="0"/>
    <entity index="813" value="0"/>
    <entity index="814" value="0"/>
    <entity index="815" value="0"/>
    <entity index="816" value="0"/>
    <entity index="817" value="0"/>
    <entity index="818" value="0"/>
    <entity index="819" value="0"/>
    <entity index="820" value="0"/>
    <entity index="821" value="0"/>
    <entity index="822" value="0"/>
    <entity index="823" value="0"/>
    <entity index="824" value="0"/>
    <entity index="825" value="0"/>
    <entity index="826" value="0"/>
    <entity index="827" value="0"/>
    <entity index="828" value="0"/>
    <entity index="829" value="0"/>
    <entity index="830" value="0"/>
    <entity index="831" value="0"/>
    <entity index="832" value="0"/>
    <entity index="833" value="0"/>
    <entity index="834" value="0"/>
    <entity index="835" value="0"/>
    <entity index="836" value="0"/>
    <entity index="837" value="0"/>
    <entity index="838" value="0"/>
    <entity index="839" value="0"/>
    <entity index="840" value="0"/>
    <entity index="841" value="0"/>
    <entity index="842" value="0"/>
    <entity index="843" value="0"/>
    <entity index="844" value="0"/>
    <entity index="845" value="0"/>
    <entity index="846" value="0"/>
    <entity index="847" value="0"/>
    <entity index="848" value="0"/>
    <entity index="849" value="0"/>
    <entity index="850" value="0"/>
    <entity index="851" value="0"/>
    <entity index="852" value="0"/>
    <entity index="853" value="0"/>
    <entity index="854" value="0"/>
    <entity index="855" value="0"/>
    <entity index="856" value="0"/>
    <entity index="857" value="0"/>
    <entity index="858" value="0"/>
    <entity index="859" value="0"/>
    <entity index="860" value="0"/>
    <entity index="861" value="0"/>
    <entity index="862" value="0"/>
    <entity index="863" value="0"/>
    <entity index="864" value="0"/>
    <entity index="865" value="0"/>
    <entity index="866" value="0"/>
    <entity index="867" value="0"/>
    <entity index="868" value="0"/>
    <entity index="869" value="0"/>
    <entity index="870" value="0"/>
    <entity index="871" value="0"/>
    <entity index="872" value="0"/>
    <entity index="873" value="0"/>
    <entity index="874" value="0"/>
    <entity index="875" value="0"/>
    <entity index="876" value="0"/>
    <entity index="877" value="0"/>
    <entity index="878" value="0"/>
    <entity index="879" value="0"/>
    <entity index="880" value="0"/>
    <entity index="881" value="0"/>
    <entity index="882" value="0"/>
    <entity index="883" value="0"/>
    <entity index="884" value="0"/>
    <entity index="885" value="0"/>
    <entity index="886" value="0"/>
    <entity index="887" value="0"/>
    <entity index="888" value="0"/>
    <entity index="889" value="0"/>
    <entity index="890" value="0"/>
    <entity index="891" value="0"/>
    <entity index="892" value="0"/>
    <entity index="893" value="0"/>
    <entity index="894" value="0"/>
    <entity index="895" value="0"/>
    <entity index="896" value="0"/>
    <entity index="897" value="0"/>
    <entity index="898" value="0"/>
    <entity index="899" value="0"/>
    <entity index="900" value="0"/>
    <entity index="901" value="0"/>
    <entity index="902" value="0"/>
    <entity index="903" value="0"/>
    <entity index="904" value="0"/>
    <entity index="905" value="0"/>
    <entity index="906" value="0"/>
    <entity index="907" value="0"/>
    <entity index="908" value="0"/>
    <entity index="909" value="0"/>
    <entity index="910" value="0"/>
    <entity index="911" value="0"/>
    <entity index="912" value="0"/>
    <entity index="913" value="0"/>
    <entity index="914" value="0"/>
    <entity index="915" value="0"/>
    <entity index="916" value="0"/>
    <entity index="917" value="0"/>
    <entity index="918" value="0"/>
    <entity index="919" value="0"/>
    <entity index="920" value="0"/>
    <entity index="921" value="0"/>
    <entity index="922" value="0"/>
    <entity index="923" value="0"/>
    <entity index="924" value="0"/>
    <entity index="925" value="0"/>
    <entity index="926" value="0"/>
    <entity index="927" value="0"/>
    <entity index="928" value="0"/>
    <entity index="929" value="0"/>
    <entity index="930" value="0"/>
    <entity index="931" value="0"/>
    <entity index="932" value="0"/>
    <entity index="933" value="0"/>
    <entity index="934" value="0"/>
    <entity index="935" value="0"/>
    <entity index="936" value="0"/>
    <entity index="937" value="0"/>
    <entity index="938" value="0"/>
    <entity index="939" value="0"/>
    <entity index="940" value="0"/>
    <entity index="941" value="0"/>
    <entity index="942" value="0"/>
    <entity index="943" value="0"/>
    <entity index="944" value="0"/>
    <entity index="945" value="0"/>
    <entity index="946" value="0"/>
    <entity index="947" value="0"/>
    <entity index="948" value="0"/>
    <entity index="949" value="0"/>
    <entity index="950" value="0"/>
    <entity index="951" value="0"/>
    <entity index="952" value="0"/>
    <entity index="953" value="0"/>
    <entity index="954" value="0"/>
    <entity index="955" value="0"/>
    <entity index="956" value="0"/>
    <entity index="957" value="0"/>
    <entity index="958" value="0"/>
    <entity index="959" value="0"/>
    <entity index="960" value="0"/>
    <entity index="961" value="0"/>
    <entity index="962" value="0"/>
    <entity index="963" value="0"/>
    <entity index="964" value="0"/>
    <entity index="965" value="0"/>
    <entity index="966" value="0"/>
    <entity index="967" value="0"/>
    <entity index="968" value="0"/>
    <entity index="969" value="0"/>
    <entity index="970" value="0"/>
    <entity index="971" value="0"/>
    <entity index="972" value="0"/>
    <entity index="973" value="0"/>
    <entity index="974" value="0"/>
    <entity index="975" value="0"/>
    <entity index="976" value="0"/>
    <entity index="977" value="0"/>
    <entity index="978" value="0"/>
    <entity index="979" value="0"/>
    <entity index="980" value="0"/>
    <entity index="981" value="0"/>
    <entity index="982" value="0"/>
    <entity index="983" value="0"/>
    <entity index="984" value="0"/>
    <entity index="985" value="0"/>
    <entity index="986" value="0"/>
    <entity index="987" value="0"/>
    <entity index="988" value="0"/>
    <entity index="989" value="0"/>
    <entity index="990" value="0"/>
    <entity index="991" value="0"/>
    <entity index="992" value="0"/>
    <entity index="993" value="0"/>
    <entity index="994" value="0"/>
    <entity index="995" value="0"/>
    <entity index="996" value="0"/>
    <entity index="997" value="0"/>
    <entity index="998" value="0"/>
    <entity index="999" value="0"/>
    <entity index="1000" value="0"/>
    <entity index="1001" value="0"/>
    <entity index="1002" value="0"/>
    <entity index="1003" value="0"/>
    <entity index="1004" value="0"/>
    <entity index="1005" value="0"/>
    <entity index="1006" value="0"/>
    <entity index="1007" value="0"/>
    <entity index="1008" value="0"/>
    <entity index="1009" value="0"/>
    <entity index="1010" value="0"/>
    <entity index="1011" value="0"/>
    <entity index="1012" value="0"/>
    <entity index="1013" value="0"/>
    <entity index="1014" value="0"/>
    <entity index="1015" value="0"/>
    <entity index="1016" value="0"/>
    <entity index="1017" value="0"/>
    <entity index="1018" value="0"/>
    <entity index="1019" value="0"/>
    <entity index="1020" value="0"/>
    <entity index="1021" value="0"/>
    <entity index="1022" value="0"/>
    <entity index="1023" value="0"/>
    <entity index="1024" value="0"/>
    <entity index="1025" value="0"/>
    <entity index="1026" value="0"/>
    <entity index="1027" value="0"/>
    <entity index="1028" value="0"/>
    <entity index="1029" value="0"/>
    <entity index="1030" value="0"/>
    <entity index="1031" value="0"/>
    <entity index="1032" value="0"/>
    <entity index="1033" value="0"/>
    <entity index="1034" value="0"/>
    <entity index="1035" value="0"/>
    <entity index="1036" value="0"/>
    <entity index="1037" value="0"/>
    <entity index="1038" value="0"/>
    <entity index="1039" value="0"/>
    <entity index="1040" value="0"/>
    <entity index="1041" value="0"/>
    <entity index="1042" value="0"/>
    <entity index="1043" value="0"/>
    <entity index="1044" value="0"/>
    <entity index="1045" value="0"/>
    <entity index="1046" value="0"/>
    <entity index="1047" value="0"/>
  </mesh_function>
</dolfin>